-- Active: 1669828159887@@127.0.0.1@3306@xk


-- 导入教学周信息
INSERT INTO `xk_models_week` (`id`,`week`) VALUES (1,5);


-- 导入教室信息
INSERT INTO `xk_models_classroom` (`id`,`roomid`,`maxnum`)
VALUES (1,'H4305',50),(2,'H2210',40),(3,'H3108',20),(4,'HGX201',80);


-- 导入用户信息
INSERT INTO `xk_models_user` (`user_id`,`name`,`password`,`email`,`is_student`,`is_teacher`,`is_roomadmin`,`is_classadmin`) 
VALUES ('123','小明','123','12345@fudan.edu.cn',1,0,0,0),
('12345','张成洪','12345','1234567@fudan.edu.cn',0,1,0,0),
('19307100027','张杨','123456','19307100027@fudan.edu.cn',1,0,0,0),
('19307100029','何徐轩','123456','19307100029@fudan.edu.cn',1,0,0,0),
('19310960708','Tracy','123456','19310960708@fudan.edu.cn',1,0,0,0),
('19352074096','Vernon','123456','19352074096@fudan.edu.cn',1,0,0,0),
('19377463629','Cunning','123456','19377463629@fudan.edu.cn',1,0,0,0),
('19382405911','Free','123456','19382405911@fudan.edu.cn',1,0,0,0),
('19400235788','Sean','123456','19400235788@fudan.edu.cn',1,0,0,0),
('19497089176','Livia','123456','19497089176@fudan.edu.cn',1,0,0,0),
('19497346632','Winona','123456','19497346632@fudan.edu.cn',1,0,0,0),
('54321','老王','54321','54321@fudan.edu.cn',0,1,0,0),
('56789','陈金池','56789','56789@fudan.edu.cn',0,1,0,0),
('bairangrang','白让让','123456','bairangrang@fudan.edu.cn',0,1,0,0),
('chenxingwen','陈星汶','123456','chenxingwen@fudan.edu.cn',0,1,0,0),
('fdsm','管院教务','123456','fdsm@fudan.edu.cn',0,0,0,1),
('huaweiming','华伟明','123456','huaweiming@fudan.edu.cn',0,1,0,0),
('jiangfeiyu','蒋斐宇','123456','jiangfeiyu@fudan.edu.cn',0,1,0,0),
('laoguan','老管','123456','laoguan@fudan.edu.cn',0,1,0,0),
('ningzhong','宁钟','123456','ningzhong@fudan.edu.cn',0,1,0,0),
('roomadmin1','老教','123456','roomadmin1@fudan.edu.cn',0,0,1,0),
('shimei','石梅','123456','shimei@fudan.edu.cn',0,1,0,0),
('sunxingwen','孙兴文','123456','sunxingwen@fudan.edu.cn',0,1,0,0),
('wuliguang','吴立广','123456','wuliguang@fudan.edu.cn',0,1,0,0),
('xuqingfeng','徐勤丰','123456','xuqingfeng@fudan.edu.cn',0,1,0,0);


-- 导入老师信息
INSERT INTO `xk_models_teacher` (`user_id_id`,`name`,`title`) 
VALUES ('12345','张成洪','教授'),
('54321','老王','讲师'),
('56789','陈金池','教授'),
('bairangrang','白让让','副教授'),
('chenxingwen','陈星汶','讲师'),
('huaweiming','华伟明','教授'),
('jiangfeiyu','蒋斐宇','青年研究员'),
('laoguan','老管','青年研究员'),
('ningzhong','宁钟','教授'),
('shimei','石梅','副教授'),
('sunxingwen','孙兴文','教授'),
('wuliguang','吴立广','教授'),
('xuqingfeng','徐勤丰','副教授'),
('zhuzhongyi','朱仲义','教授');

-- 导入学生信息
INSERT INTO `xk_models_student` (`user_id_id`,`year`,`grade`,`major`) VALUES ('123',2020,5,'管理学'),
('19307100027',2019,7,'统计学'),
('19307100029',2019,7,'统计学'),
('19310960708',2019,7,'财务管理'),
('19352074096',2021,3,'历史学'),
('19377463629',2020,5,'管理学'),
('19382405911',2021,3,'管理学'),
('19400235788',2019,7,'数学'),
('19497089176',2022,1,'化学'),
('19497346632',2019,7,'数学');


-- 导入课程详细信息
INSERT INTO `xk_models_classdetail` (`id`,`classid`,`hours`,`weeks`,`time`,`prerequisites`,`teacher_info`,`brief`,`exam`,`assessment`) 
VALUES (1,'MANA130373.01','4',18,'周二，2-5','无','张成洪教授是复旦大学计算机软件专业数据库方向的博士，长期从事管理信息系统、数据库原理与应用、知识管理与商业智能等课程的教学工作，承担了大数据和知识管理等方面的国家自然科学基金项目，负责了多家企业集团的信息系统规划、数据资源管理规划和数据分析项目，发表了二十多篇关于数据管理和知识管理的学术论文，曾担任复旦大学信息中心主任，负责了学校应用系统和数据平台的建设。','课程主要包含以下四个方面的内容：1）数据库的原理与操作，包括关系数据库理论、关系数据库标准语言SQL等；2）数据库系统的管理，包括数据库安全性、数据库完整性等；3）企业数据管理方法，包括数据库设计方法、关系数据库设计的规范化理论、企业数据集成方法等；4）大数据管理技术，包括数据仓库、OLAP、分布式存储与计算等。','闭卷考试','\"上课出勤及表现，5%；平时个人作业，15%；小组项目，15%；上机练习，15%；期末考试，50%\"'),
(2,'DATA130029.01','4',16,'周五，1-4','无',' ',' ','半开卷考试',''),
(8,'MANA110009.01','3',16,'周四，6-8','无','白让让 管理学院 副教授 电话：25011065       Email：rrbai@fudan.edu.cn 研究方向：产业组织 管制经济 竞争策略 垄断产业改革','介绍宏观经济学的基本原理、模型和研究方法，宏观经济政策的争论与分析。','闭卷考试','平时成绩40%，期末考试占60%。'),
(9,'MANA116001.01','3',16,'周五，3-5','无','宁钟，武汉大学经济学博士、复旦大学管理科学与工程博士后、牛津大学博士后','该课程主要针对那些有兴趣获得与新生高科技企业管理相关的技能和知识的学员。','其他','课堂教学10%；案例研究20%；创造性思考游戏20%;项目研究20%；个人作业40%'),
(10,'MANA130001.01','5',16,'周一，3-5；周五，1-2','无','徐勤丰：副教授，华东师范大学博士。讲授过《概率论与数理统计》、《抽样调查》、《统计软件》、《高等数理统计（一）》等多门本科、硕士课程。','介绍概率论的基本概念、随机变量及其分布、多维随机变量、随机变量的数字特征、大数定律与中心极限定理等概率论知识，以及抽样分布、参数估计、假设检验等数理统计','闭卷考试','平时作业占 20%，期中测验占 20%，期末考试占 60%'),
(11,'MANA116028.01','2',15,'周二，9-10','无','陈星汶，复旦大学管理学院助理教授，香港大学博士。研究方向为组织行为学，领地性，领导力。','本课程的内容涉及三个层面的沟通，即自我沟通，人际沟通，和组织沟通，使学生了解沟通的全貌和沟通的要义。并且，本课程会带领学生了解如何进行有效的沟通，例如如何有效倾听，怎样表达劝说，如何进行谈判沟通等。课程会给学生提供训练的机会，以提高他们的沟通技巧和有效沟通的能力。','课程论文','出勤情况，10%；个人作业和小组作页，40%；期末论文，50%'),
(12,'MANA110010.01','3',16,'周三，3-5','无','老管，复旦大学管理学院讲师','课程主要内容为：管理学导论','闭卷考试','出勤10%；作业20%；考试70%'),
(13,'MANA130001.02','5',16,'周一，3-5；周五，1-2','无','朱仲义，教授，博士生导师。讲授过《抽样技术》、《线性模型》、《概率论与数理统计》、《现代统计方法》等多门本科、硕士、博士课程。承担多项国家级科研项目的研究。','介绍概率论的基本概念、随机变量及其分布、多维随机变量、随机变量的数字特征、大数定律与中心极限定理等概率论知识，以及抽样分布、参数估计、假设检验等数理统计','闭卷考试','平时作业占 20%，期中测验占 20%，期末考试占 60%'),
(14,'MANA130001.03','5',16,'周一，3-5；周五，1-2','无','蒋斐宇：青年副研究员，清华大学统计学博士。参与过多项国家自然科学基金研究，多篇论文发表在国际著名统计学、计量经济学期刊上。','介绍概率论的基本概念、随机变量及其分布、多维随机变量、随机变量的数字特征、大数定律与中心极限定理等概率论知识，以及抽样分布、参数估计、假设检验等数理统计','闭卷考试','平时作业占 20%，期中测验占 20%，期末考试占 60%');

-- 导入课程信息
INSERT INTO `xk_models_classinfo` (`classid`,`code`,`name`,`department`,`credit`,`detail_id`,`teacher_id`,`classroom_id`) 
VALUES ('DATA130029.01','DATA130029','数据挖掘','大数据学院',3,2,'56789',2),
('MANA110009.01','MANA110009','宏观经济学','管理学院',3,8,'bairangrang',1),
('MANA110010.01','MANA110010','管理学导论','管理学院',3,12,'laoguan',1),
('MANA116001.01','MANA116001','创新与创业','管理学院',2,9,'ningzhong',3),
('MANA116028.01','MANA116028','管理沟通','管理学院',2,11,'chenxingwen',2),
('MANA130001.01','MANA130001','概率论与数理统计','管理学院',4,10,'xuqingfeng',4),
('MANA130001.02','MANA130001','概率论与数理统计','管理学院',4,13,'zhuzhongyi',3),
('MANA130001.03','MANA130001','概率论与数理统计','管理学院',4,14,'jiangfeiyu',1),
('MANA130373.01','MANA130373','数据库与企业数据库管理','管理学院',3,1,'12345',1);

-- 导入选课关系
INSERT INTO `xk_models_classchoice` (`id`,`score`,`classid_id`,`user_id_id`) 
VALUES (7,'未发布','MANA130373.01','19307100029'),
(13,'未发布','MANA110010.01','19307100029'),
(14,'未发布','MANA110010.01','19307100027'),
(15,'未发布','MANA110010.01','19310960708'),
(16,'未发布','MANA110010.01','19377463629'),
(17,'未发布','MANA110010.01','19382405911'),
(18,'未发布','MANA110010.01','19400235788'),
(19,'未发布','MANA110010.01','19497089176'),
(20,'未发布','MANA110010.01','19497346632'),
(21,'未发布','MANA110010.01','19352074096'),
(22,'未发布','MANA110010.01','123');

-- 导入培养方案
INSERT INTO `xk_models_program` (`id`,`major`,`grade`,`advice`) 
VALUES (1,'统计学',7,'MANA130373'),
(2,'统计学',7,'DATA130029'),
(3,'统计学',7,'MANA116001'),
(4,'统计学',7,'MANA130001'),
(5,'管理学',5,'MANA110009.01'),
(6,'管理学',5,'MANA110009');


-- 导入评教信息
INSERT INTO `xk_models_evaluation` (`id`,`Com_course`,`Com_classroom`,`Com_textbook`,`classid_id`,`user_id_id`) 
VALUES (6,'不错','不错','不错','MANA130373.01','19307100029'),
(7,'老师讲的非常好，收获非常之大！非常感谢老师的教导！','教室很棒','教材也很好','MANA110010.01','19307100029'),
(8,'课程设计的好','教室太小了','教材看不懂','MANA110010.01','123');


-- 导入
INSERT INTO `xk_models_class_adjustment` (`id`,`week`,`time`,`classid_id`,`room_id`,`from_time`) 
VALUES (1,4,'周四，6-8','MANA110010.01',4,'周三，3-5'),
(2,5,'周四，6-8','MANA110010.01',4,'周三，3-5');
